sp|D6VPM8|YAJ3_YEAST,SINGLE,1,155,162,4,4.70E-04,{A},-3.328,155,159,AAEIQ,EPTVKWCLFK|,AAEIQAHA,|VREYWQSQYP
sp|O13297|CET1_YEAST,SINGLE,1,86,113,9,1.52E-05,{D},-4.818,90,94,TDTDD,QKPKSRKSSN|,DDEETDTDDEMGASGEINFDSEMDFDYD,|KQHRNLLSNG
sp|O13297|CET1_YEAST,SINGLE,2,173,181,4,2.28E-04,{Q},-3.643,177,181,QKQKQ,EGNIASNYIT|,QVPLQKQKQ,|TEKKIAGNAV
sp|O13297|CET1_YEAST,SINGLE,3,435,442,4,2.31E-04,{P},-3.637,435,439,PVPDN,DVKISLNLEL|,PVPDNDPP,|EKYKSQSPIS
sp|O13297|CET1_YEAST,SINGLE,4,376,393,5,8.27E-04,{R},-3.082,386,390,TQRPR,GKFSIIESQT|,RDSVYRVGLSTQRPRFLR,|MSTDIKTGRV
sp|O13297|CET1_YEAST,SINGLE,5,247,251,2,9.90E-04,{W},-3.005,247,251,WAQKW,KPSKYRNVPI|,WAQKW,|KPTIKALQSI
sp|O13329|FOB1_YEAST,SINGLE,1,419,440,10,2.63E-07,{N},-6.58,423,427,NSCNN,LEDVNTFALA|,NEADNSCNNNGILHNNNIGNDN,|FEEEVQKQFD
sp|O13329|FOB1_YEAST,SINGLE,2,348,364,7,4.26E-06,{R},-5.37,353,357,RFNRR,ECLADWGKCL|,RYGPYRFNRRRNKRTKR,|KPVQVLLSEV
sp|O13329|FOB1_YEAST,SINGLE,3,8,15,5,2.92E-05,{D},-4.534,11,15,FDDDD,MTKPRYN|,DVLFDDDD,|SVPSESVTRK
sp|O13329|FOB1_YEAST,SINGLE,4,195,209,7,3.88E-05,{K},-4.412,195,199,KCNKK,IIDWVQQFCS|,KCNKKGKIKPLKEYK,|RPDMYDKLLP
sp|O13329|FOB1_YEAST,SINGLE,5,159,183,5,1.61E-04,{H},-3.792,159,163,HLMNK,KHVYDMVMAT|,HLMNKHLRGKTLHSFLFSHFANISH,|AIIDWVQQFC
sp|O13329|FOB1_YEAST,SINGLE,6,154,161,3,4.60E-04,{M},-3.337,154,158,MVMAT,IYCEPKHVYD|,MVMATHLM,|NKHLRGKTLH
sp|O13329|FOB1_YEAST,SINGLE,7,469,493,7,7.41E-04,{E},-3.13,469,473,EGEFE,EYDDLAHDSS|,EGEFEPNTLTPEEKPPHNVDEDRIE,|STGVAAPMQG
sp|O13329|FOB1_YEAST,MULTIPLE,1,150,183,9,8.01E-06,{HM},-7.129,150,154,HVYDM,NNDKIYCEPK|,HVYDMVMATHLMNKHLRGKTLHSFLFSHFANISH,|AIIDWVQQFC
sp|O13529|ECM12_YEAST,SINGLE,1,20,71,15,5.13E-09,{F},-8.29,32,36,FFIFF,KYIYIHVLLV|,FYFHIKQQAIMPFFIFFFSSFDGLSFDLRVVAFLAKHVFVGVCSPFFVVGFF,|GSSRVVVTEW
sp|O13529|ECM12_YEAST,SINGLE,2,49,97,13,1.83E-06,{V},-5.738,57,61,VFVGV,SFDGLSFDLR|,VVAFLAKHVFVGVCSPFFVVGFFGSSRVVVTEWLSKLVLPPPPVSITQV,|FSLSRKRGEF
sp|O13529|ECM12_YEAST,SINGLE,3,87,91,4,1.89E-05,{P},-4.724,87,91,LPPPP,VVTEWLSKLV|,LPPPP,|VSITQVFSLS
sp|O13529|ECM12_YEAST,MULTIPLE,1,32,78,23,1.64E-11,{FV},-14.029,32,36,FFIFF,FHIKQQAIMP|,FFIFFFSSFDGLSFDLRVVAFLAKHVFVGVCSPFFVVGFFGSSRVVV,|TEWLSKLVLP
sp|O13529|ECM12_YEAST,WHOLE,1,1,151,23,2.52E-07,{F},,,,,,,